Hybrid,Rep,Env,Yield,PHT,DA,ME
KF1/KM1,1,E1,NA,116.84,65,1
KF1/KM2,1,E1,4.48003745,127,67,1
KF1/KM3,1,E1,6.4269539,109.22,67,1
KF1/KM4,1,E1,5.1178011,124.46,69,1
KF1/KM5,1,E1,4.393732,119.38,67,1
KF1/TM1,1,E1,5.0393416,114.3,68,1
KF1/TM2,1,E1,5.22204015,129.54,70,1
KF1/TM3,1,E1,7.0210044,149.86,68,1
KF1/TM4,1,E1,4.6784279,127,68,1
KF1/TM5,1,E1,5.3419711,116.84,66,1
KF2/KM1,1,E1,5.6311504,119.38,63,1
KF2/KM2,1,E1,5.1155594,137.16,68,1
KF2/KM3,1,E1,4.97769485,124.46,66,1
KF2/KM4,1,E1,4.1224863,134.62,72,1
KF2/KM5,1,E1,4.68851555,139.7,69,1
KF2/TM1,1,E1,4.5080587,124.46,67,1
KF2/TM2,1,E1,4.8936311,134.62,70,1
KF2/TM3,1,E1,5.20410655,152.4,68,1
KF2/TM4,1,E1,5.49104415,134.62,68,1
KF2/TM5,1,E1,5.30946645,129.54,65,1
KF3/KM1,1,E1,4.24914235,121.92,62,1
KF3/KM2,1,E1,4.4475328,134.62,63,1
KF3/KM3,1,E1,4.7501623,134.62,64,1
KF3/KM4,1,E1,5.2321278,149.86,70,1
KF3/KM5,1,E1,3.98910515,139.7,68,1
KF3/TM1,1,E1,5.40810125,134.62,67,1
KF3/TM2,1,E1,5.7028848,132.08,68,1
KF3/TM3,1,E1,5.49552755,152.4,66,1
KF3/TM4,1,E1,5.37447575,134.62,68,1
KF3/TM5,1,E1,5.50673605,139.7,63,1
KF4/KM1,1,E1,NA,109.22,63,1
KF4/KM2,1,E1,4.460983,111.76,65,1
KF4/KM3,1,E1,3.7257054,116.84,66,1
KF4/KM4,1,E1,4.91268555,119.38,68,1
KF4/KM5,1,E1,3.3334079,114.3,67,1
KF4/TM1,1,E1,5.2478197,132.08,67,1
KF4/TM2,1,E1,5.60312915,134.62,69,1
KF4/TM3,1,E1,6.2162341,142.24,67,1
KF4/TM4,1,E1,5.68831375,134.62,68,1
KF4/TM5,1,E1,5.4831982,124.46,65,1
KF5/KM1,1,E1,5.3811,NA,NA,1
KF5/KM2,1,E1,5.514582,121.92,64,1
KF5/KM3,1,E1,4.78715035,106.68,65,1
KF5/KM4,1,E1,5.15478915,119.38,67,1
KF5/KM5,1,E1,5.65917165,124.46,68,1
KF5/TM1,1,E1,4.11464035,114.3,67,1
KF5/TM2,1,E1,4.6380773,116.84,68,1
KF5/TM3,1,E1,6.0234479,137.16,67,1
KF5/TM4,1,E1,5.30049965,124.46,66,1
KF5/TM5,1,E1,4.70757,111.76,63,1
TF1/KM1,1,E1,5.1536683,116.84,62,1
TF1/KM2,1,E1,5.50449435,127,68,1
TF1/KM3,1,E1,5.1917772,121.92,66,1
TF1/KM4,1,E1,5.45069355,139.7,70,1
TF1/KM5,1,E1,5.18841465,129.54,69,1
TF1/TM1,1,E1,5.4159472,127,67,1
TF1/TM2,1,E1,5.7028848,132.08,68,1
TF1/TM3,1,E1,6.53343465,147.32,67,1
TF1/TM4,1,E1,5.5571743,129.54,69,1
TF1/TM5,1,E1,5.6199419,124.46,64,1
TF2/KM1,1,E1,5.447331,116.84,62,1
TF2/KM2,1,E1,5.2500614,111.76,64,1
TF2/KM3,1,E1,4.09446505,106.68,64,1
TF2/KM4,1,E1,5.08081305,132.08,68,1
TF2/KM5,1,E1,5.06736285,119.38,67,1
TF2/TM1,1,E1,5.2276444,124.46,64,1
TF2/TM2,1,E1,5.38120085,127,67,1
TF2/TM3,1,E1,6.71949575,129.54,65,1
TF2/TM4,1,E1,5.59416235,116.84,66,1
TF2/TM5,1,E1,6.0906989,121.92,63,1
TF3/KM1,1,E1,4.3018223,116.84,62,1
TF3/KM2,1,E1,5.514582,119.38,66,1
TF3/KM3,1,E1,4.9407068,111.76,65,1
TF3/KM4,1,E1,5.54036155,119.38,70,1
TF3/KM5,1,E1,5.2836869,116.84,68,1
TF3/TM1,1,E1,5.3061039,116.84,68,1
TF3/TM2,1,E1,5.6647759,127,68,1
TF3/TM3,1,E1,6.4829964,134.62,67,1
TF3/TM4,1,E1,5.49328585,121.92,69,1
TF3/TM5,1,E1,5.7925528,121.92,65,1
TF4/KM1,1,E1,5.41482635,129.54,65,1
TF4/KM2,1,E1,5.41258465,137.16,68,1
TF4/KM3,1,E1,5.07857135,116.84,68,1
TF4/KM4,1,E1,5.4271557,132.08,72,1
TF4/KM5,1,E1,5.09874665,134.62,71,1
TF4/TM1,1,E1,5.37447575,132.08,68,1
TF4/TM2,1,E1,5.11443855,147.32,70,1
TF4/TM3,1,E1,5.8530787,157.48,68,1
TF4/TM4,1,E1,5.42603485,137.16,70,1
TF4/TM5,1,E1,6.3978118,137.16,67,1
TF5/KM1,1,E1,6.1444997,119.38,64,1
TF5/KM2,1,E1,6.11423675,132.08,66,1
TF5/KM3,1,E1,4.7255036,114.3,64,1
TF5/KM4,1,E1,5.61882105,137.16,67,1
TF5/KM5,1,E1,5.0124412,124.46,68,1
TF5/TM1,1,E1,5.0931424,124.46,66,1
TF5/TM2,1,E1,5.59416235,124.46,69,1
TF5/TM3,1,E1,6.1781252,132.08,66,1
TF5/TM4,1,E1,5.1178011,129.54,68,1
TF5/TM5,1,E1,5.72642265,124.46,65,1
KF1/KM1,2,E1,4.95751955,114.3,67,1
KF1/KM2,2,E1,4.35898565,119.38,70,1
KF1/KM3,2,E1,4.2166377,114.3,67,1
KF1/KM4,2,E1,4.2435381,127,70,1
KF1/KM5,2,E1,4.72214105,127,68,1
KF1/TM1,2,E1,5.20634825,124.46,68,1
KF1/TM2,2,E1,4.7030866,116.84,70,1
KF1/TM3,2,E1,6.5278304,142.24,69,1
KF1/TM4,2,E1,5.40810125,114.3,68,1
KF1/TM5,2,E1,5.0527918,124.46,65,1
KF2/KM1,2,E1,5.30722475,129.54,69,1
KF2/KM2,2,E1,5.26239075,129.54,69,1
KF2/KM3,2,E1,4.73334955,124.46,69,1
KF2/KM4,2,E1,4.53159655,132.08,71,1
KF2/KM5,2,E1,5.3621464,142.24,70,1
KF2/TM1,2,E1,5.14806405,124.46,68,1
KF2/TM2,2,E1,5.61882105,144.78,71,1
KF2/TM3,2,E1,5.6356338,142.24,68,1
KF2/TM4,2,E1,4.8487971,119.38,70,1
KF2/TM5,2,E1,5.3262792,132.08,68,1
KF3/KM1,2,E1,3.58111575,124.46,61,1
KF3/KM2,2,E1,4.5372008,134.62,62,1
KF3/KM3,2,E1,4.2009458,129.54,63,1
KF3/KM4,2,E1,5.44845185,142.24,68,1
KF3/KM5,2,E1,5.37447575,152.4,68,1
KF3/TM1,2,E1,5.74435625,132.08,67,1
KF3/TM2,2,E1,5.1940189,137.16,69,1
KF3/TM3,2,E1,5.15478915,144.78,68,1
KF3/TM4,2,E1,5.5952832,134.62,67,1
KF3/TM5,2,E1,5.9808556,144.78,65,1
KF4/KM1,2,E1,3.8871078,104.14,62,1
KF4/KM2,2,E1,4.5708263,111.76,65,1
KF4/KM3,2,E1,4.37691925,116.84,68,1
KF4/KM4,2,E1,4.1874956,121.92,70,1
KF4/KM5,2,E1,4.5596178,116.84,67,1
KF4/TM1,2,E1,5.5033735,129.54,67,1
KF4/TM2,2,E1,5.19738145,134.62,68,1
KF4/TM3,2,E1,5.7634107,152.4,67,1
KF4/TM4,2,E1,5.6154585,132.08,67,1
KF4/TM5,2,E1,5.3890468,127,65,1
KF5/KM1,2,E1,NA,NA,NA,1
KF5/KM2,2,E1,5.31170815,127,65,1
KF5/KM3,2,E1,4.58091395,109.22,65,1
KF5/KM4,2,E1,5.178327,129.54,70,1
KF5/KM5,2,E1,5.1402181,124.46,68,1
KF5/TM1,2,E1,4.4564996,119.38,68,1
KF5/TM2,2,E1,5.43948505,114.3,67,1
KF5/TM3,2,E1,5.98421815,132.08,67,1
KF5/TM4,2,E1,5.6333921,119.38,66,1
KF5/TM5,2,E1,5.0953841,116.84,63,1
TF1/KM1,2,E1,5.64123805,124.46,65,1
TF1/KM2,2,E1,5.37895915,134.62,69,1
TF1/KM3,2,E1,5.1133177,121.92,65,1
TF1/KM4,2,E1,5.31170815,127,70,1
TF1/KM5,2,E1,5.46638545,132.08,69,1
TF1/TM1,2,E1,5.56950365,129.54,67,1
TF1/TM2,2,E1,6.72397915,137.16,68,1
TF1/TM3,2,E1,6.6085316,144.78,67,1
TF1/TM4,2,E1,6.119841,127,68,1
TF1/TM5,2,E1,5.85419955,132.08,65,1
TF2/KM1,2,E1,4.97769485,111.76,62,1
TF2/KM2,2,E1,5.19289805,121.92,63,1
TF2/KM3,2,E1,4.4587413,111.76,64,1
TF2/KM4,2,E1,5.05839605,116.84,68,1
TF2/KM5,2,E1,4.82974265,124.46,68,1
TF2/TM1,2,E1,5.3531796,121.92,63,1
TF2/TM2,2,E1,5.64123805,121.92,66,1
TF2/TM3,2,E1,6.48187555,132.08,65,1
TF2/TM4,2,E1,5.3419711,132.08,67,1
TF2/TM5,2,E1,4.98217825,114.3,63,1
TF3/KM1,2,E1,4.89251025,124.46,65,1
TF3/KM2,2,E1,4.752404,124.46,67,1
TF3/KM3,2,E1,4.9429485,116.84,66,1
TF3/KM4,2,E1,5.716335,127,72,1
TF3/KM5,2,E1,5.50225265,116.84,68,1
TF3/TM1,2,E1,5.2612699,119.38,67,1
TF3/TM2,2,E1,5.1379764,129.54,68,1
TF3/TM3,2,E1,6.42134965,134.62,68,1
TF3/TM4,2,E1,5.9113629,119.38,68,1
TF3/TM5,2,E1,4.83870945,119.38,66,1
TF4/KM1,2,E1,5.581833,129.54,68,1
TF4/KM2,2,E1,4.93734425,144.78,70,1
TF4/KM3,2,E1,5.34533365,124.46,68,1
TF4/KM4,2,E1,5.54036155,132.08,72,1
TF4/KM5,2,E1,5.35205875,139.7,70,1
TF4/TM1,2,E1,5.3285209,137.16,68,1
TF4/TM2,2,E1,5.80039875,139.7,71,1
TF4/TM3,2,E1,6.07388615,162.56,68,1
TF4/TM4,2,E1,5.6154585,129.54,70,1
TF4/TM5,2,E1,6.2027839,137.16,66,1
TF5/KM1,2,E1,5.54932835,119.38,65,1
TF5/KM2,2,E1,5.55829515,124.46,65,1
TF5/KM3,2,E1,4.2256045,116.84,66,1
TF5/KM4,2,E1,5.60425,134.62,69,1
TF5/KM5,2,E1,5.1872938,129.54,67,1
TF5/TM1,2,E1,5.3217958,129.54,64,1
TF5/TM2,2,E1,5.6401172,129.54,68,1
TF5/TM3,2,E1,5.8575621,139.7,67,1
TF5/TM4,2,E1,5.0572752,124.46,67,1
TF5/TM5,2,E1,5.9113629,129.54,64,1
KF1/KM1,3,E1,4.1785288,114.3,66,1
KF1/KM2,3,E1,4.3107891,119.38,69,1
KF1/KM3,3,E1,3.878141,116.84,68,1
KF1/KM4,3,E1,4.88354345,119.38,72,1
KF1/KM5,3,E1,3.7144969,124.46,71,1
KF1/TM1,3,E1,4.4946085,119.38,69,1
KF1/TM2,3,E1,4.50469615,127,70,1
KF1/TM3,3,E1,6.48635895,139.7,70,1
KF1/TM4,3,E1,5.19513975,121.92,69,1
KF1/TM5,3,E1,5.716335,134.62,67,1
KF2/KM1,3,E1,4.89026855,124.46,68,1
KF2/KM2,3,E1,4.59884755,129.54,72,1
KF2/KM3,3,E1,4.14602415,121.92,69,1
KF2/KM4,3,E1,4.0821357,124.46,72,1
KF2/KM5,3,E1,4.15050755,139.7,72,1
KF2/TM1,3,E1,4.82077585,124.46,68,1
KF2/TM2,3,E1,5.30049965,137.16,72,1
KF2/TM3,3,E1,6.0929406,162.56,69,1
KF2/TM4,3,E1,4.7367121,127,70,1
KF2/TM5,3,E1,5.33636685,134.62,68,1
KF3/KM1,3,E1,3.5755115,124.46,61,1
KF3/KM2,3,E1,4.45313705,132.08,64,1
KF3/KM3,3,E1,4.27828445,132.08,65,1
KF3/KM4,3,E1,4.18189135,142.24,71,1
KF3/KM5,3,E1,4.91941065,142.24,68,1
KF3/TM1,3,E1,5.30049965,127,68,1
KF3/TM2,3,E1,5.3307626,144.78,69,1
KF3/TM3,3,E1,5.74435625,144.78,67,1
KF3/TM4,3,E1,4.95303615,132.08,68,1
KF3/TM5,3,E1,5.20858995,142.24,63,1
KF4/KM1,3,E1,4.2480215,114.3,63,1
KF4/KM2,3,E1,3.6629378,116.84,62,1
KF4/KM3,3,E1,3.6674212,111.76,68,1
KF4/KM4,3,E1,3.9543588,119.38,72,1
KF4/KM5,3,E1,3.99807195,119.38,68,1
KF4/TM1,3,E1,5.0079578,119.38,65,1
KF4/TM2,3,E1,6.71501235,137.16,68,1
KF4/TM3,3,E1,6.0570734,139.7,66,1
KF4/TM4,3,E1,5.53139475,129.54,68,1
KF4/TM5,3,E1,5.200744,127,65,1
KF5/KM1,3,E1,NA,NA,NA,1
KF5/KM2,3,E1,4.4632247,116.84,67,1
KF5/KM3,3,E1,4.24241725,121.92,67,1
KF5/KM4,3,E1,4.9877825,124.46,70,1
KF5/KM5,3,E1,5.15478915,127,68,1
KF5/TM1,3,E1,4.59884755,109.22,66,1
KF5/TM2,3,E1,5.04942925,124.46,67,1
KF5/TM3,3,E1,6.51550105,134.62,67,1
KF5/TM4,3,E1,5.46862715,124.46,68,1
KF5/TM5,3,E1,5.23773205,127,65,1
TF1/KM1,3,E1,4.99114505,121.92,64,1
TF1/KM2,3,E1,5.01356205,134.62,67,1
TF1/KM3,3,E1,4.662736,124.46,67,1
TF1/KM4,3,E1,5.22428185,134.62,69,1
TF1/KM5,3,E1,4.77145845,127,70,1
TF1/TM1,3,E1,5.312829,129.54,68,1
TF1/TM2,3,E1,5.89230845,134.62,69,1
TF1/TM3,3,E1,6.17924605,139.7,68,1
TF1/TM4,3,E1,5.3935302,134.62,69,1
TF1/TM5,3,E1,5.56277855,129.54,65,1
TF2/KM1,3,E1,4.6313522,104.14,60,1
TF2/KM2,3,E1,4.87681835,121.92,66,1
TF2/KM3,3,E1,4.2883721,104.14,63,1
TF2/KM4,3,E1,5.00011185,127,68,1
TF2/KM5,3,E1,4.7434372,116.84,67,1
TF2/TM1,3,E1,5.30722475,121.92,65,1
TF2/TM2,3,E1,6.25322215,129.54,66,1
TF2/TM3,3,E1,5.9517135,129.54,67,1
TF2/TM4,3,E1,4.43296175,121.92,67,1
TF2/TM5,3,E1,4.88802685,119.38,63,1
TF3/KM1,3,E1,5.0393416,121.92,63,1
TF3/KM2,3,E1,4.32984355,121.92,68,1
TF3/KM3,3,E1,5.09426325,111.76,67,1
TF3/KM4,3,E1,5.671501,121.92,70,1
TF3/KM5,3,E1,4.67506535,119.38,70,1
TF3/TM1,3,E1,4.9182898,114.3,67,1
TF3/TM2,3,E1,5.4607812,127,69,1
TF3/TM3,3,E1,6.62086095,137.16,68,1
TF3/TM4,3,E1,5.47759395,119.38,67,1
TF3/TM5,3,E1,4.8106882,111.76,64,1
TF4/KM1,3,E1,5.7253018,127,66,1
TF4/KM2,3,E1,5.36775065,134.62,68,1
TF4/KM3,3,E1,4.7815461,114.3,68,1
TF4/KM4,3,E1,4.2704385,134.62,74,1
TF4/KM5,3,E1,4.3982154,134.62,70,1
TF4/TM1,3,E1,5.78919025,132.08,68,1
TF4/TM2,3,E1,5.559416,149.86,71,1
TF4/TM3,3,E1,5.84747445,154.94,70,1
TF4/TM4,3,E1,6.0055143,134.62,70,1
TF4/TM5,3,E1,6.2812434,149.86,69,1
TF5/KM1,3,E1,4.3018223,116.84,62,1
TF5/KM2,3,E1,4.4677081,127,68,1
TF5/KM3,3,E1,4.1561118,109.22,66,1
TF5/KM4,3,E1,4.7546457,132.08,69,1
TF5/KM5,3,E1,5.20186485,127,68,1
TF5/TM1,3,E1,5.58743725,124.46,65,1
TF5/TM2,3,E1,5.15478915,134.62,69,1
TF5/TM3,3,E1,6.2386511,134.62,67,1
TF5/TM4,3,E1,4.87233495,121.92,68,1
TF5/TM5,3,E1,5.424914,129.54,66,1
KF1/KM1,1,E2,4.87457665,124.46,75,2
KF1/KM2,1,E2,5.55829515,137.16,75,2
KF1/KM3,1,E2,4.8465554,124.46,71,2
KF1/KM4,1,E2,4.2681968,139.7,78,2
KF1/KM5,1,E2,4.49572935,142.24,75,2
KF1/TM1,1,E2,6.49532575,129.54,72,2
KF1/TM2,1,E2,5.6558091,142.24,75,2
KF1/TM3,1,E2,6.09854485,137.16,73,2
KF1/TM4,1,E2,3.54300685,129.54,78,2
KF1/TM5,1,E2,6.73967105,147.32,73,2
KF2/KM1,1,E2,4.60108925,139.7,75,2
KF2/KM2,1,E2,4.13481565,154.94,78,2
KF2/KM3,1,E2,5.49104415,142.24,72,2
KF2/KM4,1,E2,2.59925115,147.32,78,2
KF2/KM5,1,E2,4.54728845,157.48,78,2
KF2/TM1,1,E2,4.4654664,142.24,78,2
KF2/TM2,1,E2,5.1940189,154.94,78,2
KF2/TM3,1,E2,3.24710245,162.56,78,2
KF2/TM4,1,E2,2.49613295,147.32,78,2
KF2/TM5,1,E2,3.4880852,165.1,75,2
KF3/KM1,1,E2,4.8600056,142.24,71,2
KF3/KM2,1,E2,6.3843616,142.24,71,2
KF3/KM3,1,E2,7.0479048,144.78,68,2
KF3/KM4,1,E2,4.06532295,157.48,78,2
KF3/KM5,1,E2,4.3197559,160.02,69,2
KF3/TM1,1,E2,5.7589273,152.4,73,2
KF3/TM2,1,E2,6.5592142,154.94,68,2
KF3/TM3,1,E2,5.6154585,167.64,66,2
KF3/TM4,1,E2,4.53159655,160.02,68,2
KF3/TM5,1,E2,6.51325935,144.78,66,2
KF4/KM1,1,E2,5.4675063,119.38,68,2
KF4/KM2,1,E2,7.48839885,127,66,2
KF4/KM3,1,E2,5.72418095,116.84,64,2
KF4/KM4,1,E2,5.1671185,137.16,75,2
KF4/KM5,1,E2,5.06063775,149.86,68,2
KF4/TM1,1,E2,5.2097108,152.4,69,2
KF4/TM2,1,E2,4.32984355,154.94,69,2
KF4/TM3,1,E2,4.26707595,144.78,71,2
KF4/TM4,1,E2,4.81405075,162.56,75,2
KF4/TM5,1,E2,6.8349433,139.7,64,2
KF5/KM1,1,E2,5.3811,NA,NA,2
KF5/KM2,1,E2,5.33636685,129.54,71,2
KF5/KM3,1,E2,5.12340535,132.08,64,2
KF5/KM4,1,E2,5.3957719,137.16,78,2
KF5/KM5,1,E2,5.2343695,142.24,68,2
KF5/TM1,1,E2,5.32515835,144.78,69,2
KF5/TM2,1,E2,4.460983,142.24,66,2
KF5/TM3,1,E2,5.3643881,139.7,69,2
KF5/TM4,1,E2,8.0320111,139.7,70,2
KF5/TM5,1,E2,5.42603485,139.7,66,2
TF1/KM1,1,E2,8.01071495,139.7,64,2
TF1/KM2,1,E2,5.6446006,144.78,69,2
TF1/KM3,1,E2,4.95527785,137.16,66,2
TF1/KM4,1,E2,6.66345325,160.02,71,2
TF1/KM5,1,E2,6.93469895,152.4,69,2
TF1/TM1,1,E2,6.3462527,149.86,66,2
TF1/TM2,1,E2,4.08549825,157.48,68,2
TF1/TM3,1,E2,4.3332061,170.18,66,2
TF1/TM4,1,E2,6.41238285,152.4,75,2
TF1/TM5,1,E2,7.8437083,152.4,66,2
TF2/KM1,1,E2,6.7945927,119.38,66,2
TF2/KM2,1,E2,5.9561969,129.54,68,2
TF2/KM3,1,E2,5.84971615,124.46,66,2
TF2/KM4,1,E2,5.5056152,139.7,77,2
TF2/KM5,1,E2,6.47963385,132.08,68,2
TF2/TM1,1,E2,7.25974545,139.7,66,2
TF2/TM2,1,E2,6.40117435,142.24,66,2
TF2/TM3,1,E2,5.50449435,154.94,66,2
TF2/TM4,1,E2,6.67242005,152.4,68,2
TF2/TM5,1,E2,6.3328025,144.78,66,2
TF3/KM1,1,E2,8.31558615,129.54,69,2
TF3/KM2,1,E2,6.76208805,137.16,71,2
TF3/KM3,1,E2,5.8665289,124.46,68,2
TF3/KM4,1,E2,5.4226723,137.16,78,2
TF3/KM5,1,E2,5.7140933,132.08,71,2
TF3/TM1,1,E2,6.30702295,139.7,71,2
TF3/TM2,1,E2,6.3731531,149.86,73,2
TF3/TM3,1,E2,7.70808545,152.4,68,2
TF3/TM4,1,E2,6.1108742,144.78,75,2
TF3/TM5,1,E2,6.21511325,144.78,68,2
TF4/KM1,1,E2,7.1196392,139.7,71,2
TF4/KM2,1,E2,5.5504492,149.86,71,2
TF4/KM3,1,E2,6.3933284,132.08,66,2
TF4/KM4,1,E2,5.52691135,154.94,78,2
TF4/KM5,1,E2,4.58091395,157.48,78,2
TF4/TM1,1,E2,6.2453762,144.78,75,2
TF4/TM2,1,E2,5.91472545,147.32,75,2
TF4/TM3,1,E2,5.5638994,177.8,68,2
TF4/TM4,1,E2,4.1964624,157.48,78,2
TF4/TM5,1,E2,6.4807547,177.8,69,2
TF5/KM1,1,E2,6.1557082,137.16,68,2
TF5/KM2,1,E2,6.9111611,142.24,68,2
TF5/KM3,1,E2,6.79347185,134.62,64,2
TF5/KM4,1,E2,6.9335781,149.86,68,2
TF5/KM5,1,E2,4.24690065,149.86,66,2
TF5/TM1,1,E2,6.0458649,139.7,71,2
TF5/TM2,1,E2,7.04005885,149.86,71,2
TF5/TM3,1,E2,3.4723933,149.86,68,2
TF5/TM4,1,E2,7.2339659,152.4,64,2
TF5/TM5,1,E2,7.0568716,149.86,63,2
KF1/KM1,2,E2,2.0713308,119.38,NA,2
KF1/KM2,2,E2,5.23324865,134.62,NA,2
KF1/KM3,2,E2,5.07408795,134.62,NA,2
KF1/KM4,2,E2,2.75841185,137.16,NA,2
KF1/KM5,2,E2,5.23324865,160.02,NA,2
KF1/TM1,2,E2,4.12136545,134.62,NA,2
KF1/TM2,2,E2,4.72438275,142.24,NA,2
KF1/TM3,2,E2,5.64347975,154.94,NA,2
KF1/TM4,2,E2,5.6109751,139.7,NA,2
KF1/TM5,2,E2,6.17924605,154.94,NA,2
KF2/KM1,2,E2,4.3332061,142.24,NA,2
KF2/KM2,2,E2,3.6158621,142.24,NA,2
KF2/KM3,2,E2,6.38996585,144.78,NA,2
KF2/KM4,2,E2,1.81017275,157.48,NA,2
KF2/KM5,2,E2,5.2209193,165.1,NA,2
KF2/TM1,2,E2,5.11443855,142.24,NA,2
KF2/TM2,2,E2,4.012643,160.02,NA,2
KF2/TM3,2,E2,4.1785288,172.72,NA,2
KF2/TM4,2,E2,3.7951981,147.32,NA,2
KF2/TM5,2,E2,4.63919815,170.18,NA,2
KF3/KM1,2,E2,5.9987892,142.24,NA,2
KF3/KM2,2,E2,4.640319,147.32,NA,2
KF3/KM3,2,E2,4.56746375,139.7,NA,2
KF3/KM4,2,E2,6.4022952,160.02,NA,2
KF3/KM5,2,E2,4.7882712,160.02,NA,2
KF3/TM1,2,E2,6.07164445,144.78,NA,2
KF3/TM2,2,E2,5.0617586,144.78,NA,2
KF3/TM3,2,E2,6.2498596,177.8,NA,2
KF3/TM4,2,E2,6.1220827,147.32,NA,2
KF3/TM5,2,E2,6.8506352,162.56,NA,2
KF4/KM1,2,E2,7.3124254,124.46,NA,2
KF4/KM2,2,E2,3.24037735,127,NA,2
KF4/KM3,2,E2,6.31823145,114.3,NA,2
KF4/KM4,2,E2,6.58947715,139.7,NA,2
KF4/KM5,2,E2,4.8801809,152.4,NA,2
KF4/TM1,2,E2,7.16783575,149.86,NA,2
KF4/TM2,2,E2,5.73090605,152.4,NA,2
KF4/TM3,2,E2,4.74007465,160.02,NA,2
KF4/TM4,2,E2,6.2027839,152.4,NA,2
KF4/TM5,2,E2,5.87213315,160.02,NA,2
KF5/KM1,2,E2,NA,NA,NA,2
KF5/KM2,2,E2,5.53811985,129.54,NA,2
KF5/KM3,2,E2,3.3558249,132.08,NA,2
KF5/KM4,2,E2,5.4876816,144.78,NA,2
KF5/KM5,2,E2,5.04718755,157.48,NA,2
KF5/TM1,2,E2,6.92349045,134.62,NA,2
KF5/TM2,2,E2,7.0277295,139.7,NA,2
KF5/TM3,2,E2,5.50225265,152.4,NA,2
KF5/TM4,2,E2,5.78470685,147.32,NA,2
KF5/TM5,2,E2,5.021408,147.32,NA,2
TF1/KM1,2,E2,7.7854241,147.32,NA,2
TF1/KM2,2,E2,6.01784365,149.86,NA,2
TF1/KM3,2,E2,6.40117435,137.16,NA,2
TF1/KM4,2,E2,7.1375728,152.4,NA,2
TF1/KM5,2,E2,6.39669095,147.32,NA,2
TF1/TM1,2,E2,6.837185,149.86,NA,2
TF1/TM2,2,E2,6.2207175,147.32,NA,2
TF1/TM3,2,E2,5.26911585,160.02,NA,2
TF1/TM4,2,E2,7.3146671,149.86,NA,2
TF1/TM5,2,E2,6.11423675,157.48,NA,2
TF2/KM1,2,E2,7.03781715,134.62,NA,2
TF2/KM2,2,E2,5.84299105,132.08,NA,2
TF2/KM3,2,E2,5.9472301,129.54,NA,2
TF2/KM4,2,E2,6.69035365,144.78,NA,2
TF2/KM5,2,E2,5.5325156,144.78,NA,2
TF2/TM1,2,E2,6.9089194,137.16,NA,2
TF2/TM2,2,E2,6.5166219,142.24,NA,2
TF2/TM3,2,E2,7.78206155,147.32,NA,2
TF2/TM4,2,E2,7.09610135,142.24,NA,2
TF2/TM5,2,E2,6.478513,137.16,NA,2
TF3/KM1,2,E2,6.4919632,129.54,NA,2
TF3/KM2,2,E2,5.88782505,142.24,NA,2
TF3/KM3,2,E2,5.9494718,129.54,NA,2
TF3/KM4,2,E2,6.097424,144.78,NA,2
TF3/KM5,2,E2,4.8308635,132.08,NA,2
TF3/TM1,2,E2,6.16355415,132.08,NA,2
TF3/TM2,2,E2,5.2276444,144.78,NA,2
TF3/TM3,2,E2,7.18801105,147.32,NA,2
TF3/TM4,2,E2,5.1603934,137.16,NA,2
TF3/TM5,2,E2,6.52895125,144.78,NA,2
TF4/KM1,2,E2,6.44825005,147.32,NA,2
TF4/KM2,2,E2,6.15907075,157.48,NA,2
TF4/KM3,2,E2,4.8779392,139.7,NA,2
TF4/KM4,2,E2,4.13033225,165.1,NA,2
TF4/KM5,2,E2,5.18841465,154.94,NA,2
TF4/TM1,2,E2,5.89679185,142.24,NA,2
TF4/TM2,2,E2,6.08957805,152.4,NA,2
TF4/TM3,2,E2,5.626667,170.18,NA,2
TF4/TM4,2,E2,5.25566565,152.4,NA,2
TF4/TM5,2,E2,6.590598,162.56,NA,2
TF5/KM1,2,E2,7.79775345,139.7,NA,2
TF5/KM2,2,E2,5.32291665,142.24,NA,2
TF5/KM3,2,E2,6.91452365,129.54,NA,2
TF5/KM4,2,E2,6.36754885,152.4,NA,2
TF5/KM5,2,E2,5.7992779,139.7,NA,2
TF5/TM1,2,E2,5.0752088,144.78,NA,2
TF5/TM2,2,E2,6.5502474,142.24,NA,2
TF5/TM3,2,E2,5.1402181,142.24,NA,2
TF5/TM4,2,E2,6.76432975,149.86,NA,2
TF5/TM5,2,E2,7.33820495,152.4,NA,2
KF1/KM1,3,E2,5.1021092,127,NA,2
KF1/KM2,3,E2,1.59272785,121.92,NA,2
KF1/KM3,3,E2,3.69544245,124.46,NA,2
KF1/KM4,3,E2,4.573068,147.32,NA,2
KF1/KM5,3,E2,4.05187275,152.4,NA,2
KF1/TM1,3,E2,4.69524065,134.62,NA,2
KF1/TM2,3,E2,3.36367085,139.7,NA,2
KF1/TM3,3,E2,5.17944785,154.94,NA,2
KF1/TM4,3,E2,5.133493,132.08,NA,2
KF1/TM5,3,E2,5.77125665,154.94,NA,2
KF2/KM1,3,E2,5.36102555,142.24,NA,2
KF2/KM2,3,E2,3.1742472,137.16,NA,2
KF2/KM3,3,E2,5.4137055,144.78,NA,2
KF2/KM4,3,E2,3.7369139,154.94,NA,2
KF2/KM5,3,E2,4.42399495,167.64,NA,2
KF2/TM1,3,E2,3.2997824,137.16,NA,2
KF2/TM2,3,E2,4.15947435,149.86,NA,2
KF2/TM3,3,E2,3.384967,175.26,NA,2
KF2/TM4,3,E2,3.23813565,139.7,NA,2
KF2/TM5,3,E2,4.2031875,160.02,NA,2
KF3/KM1,3,E2,6.0794904,137.16,NA,2
KF3/KM2,3,E2,2.26299615,157.48,NA,2
KF3/KM3,3,E2,5.6670176,144.78,NA,2
KF3/KM4,3,E2,5.4047387,154.94,NA,2
KF3/KM5,3,E2,2.8559258,162.56,NA,2
KF3/TM1,3,E2,5.90800035,152.4,NA,2
KF3/TM2,3,E2,5.9875807,154.94,NA,2
KF3/TM3,3,E2,4.62574795,167.64,NA,2
KF3/TM4,3,E2,5.90127525,152.4,NA,2
KF3/TM5,3,E2,6.1691584,162.56,NA,2
KF4/KM1,3,E2,1.04799475,111.76,NA,2
KF4/KM2,3,E2,7.11179325,124.46,NA,2
KF4/KM3,3,E2,3.80752745,129.54,NA,2
KF4/KM4,3,E2,7.1420562,139.7,NA,2
KF4/KM5,3,E2,4.5147838,137.16,NA,2
KF4/TM1,3,E2,6.81140545,142.24,NA,2
KF4/TM2,3,E2,7.62065915,154.94,NA,2
KF4/TM3,3,E2,5.18841465,149.86,NA,2
KF4/TM4,3,E2,5.33636685,152.4,NA,2
KF4/TM5,3,E2,7.62290085,160.02,NA,2
KF5/KM1,3,E2,NA,NA,NA,2
KF5/KM2,3,E2,4.24914235,137.16,NA,2
KF5/KM3,3,E2,5.05167095,142.24,NA,2
KF5/KM4,3,E2,5.5168237,139.7,NA,2
KF5/KM5,3,E2,1.9009616,147.32,NA,2
KF5/TM1,3,E2,5.39016765,134.62,NA,2
KF5/TM2,3,E2,5.02477055,132.08,NA,2
KF5/TM3,3,E2,5.5997666,154.94,NA,2
KF5/TM4,3,E2,5.5392407,142.24,NA,2
KF5/TM5,3,E2,5.78470685,142.24,NA,2
TF1/KM1,3,E2,6.2655515,139.7,NA,2
TF1/KM2,3,E2,6.62534435,144.78,NA,2
TF1/KM3,3,E2,5.3957719,137.16,NA,2
TF1/KM4,3,E2,6.1108742,157.48,NA,2
TF1/KM5,3,E2,5.4181889,142.24,NA,2
TF1/TM1,3,E2,6.12544525,149.86,NA,2
TF1/TM2,3,E2,3.9879843,160.02,NA,2
TF1/TM3,3,E2,6.43255815,165.1,NA,2
TF1/TM4,3,E2,6.04922745,152.4,NA,2
TF1/TM5,3,E2,6.7856259,154.94,NA,2
TF2/KM1,3,E2,4.9048396,129.54,NA,2
TF2/KM2,3,E2,5.5571743,132.08,NA,2
TF2/KM3,3,E2,5.3307626,121.92,NA,2
TF2/KM4,3,E2,5.1895355,142.24,NA,2
TF2/KM5,3,E2,5.51121945,142.24,NA,2
TF2/TM1,3,E2,7.34941345,139.7,NA,2
TF2/TM2,3,E2,6.93469895,144.78,NA,2
TF2/TM3,3,E2,3.44213035,149.86,NA,2
TF2/TM4,3,E2,6.15010395,137.16,NA,2
TF2/TM5,3,E2,6.23977195,149.86,NA,2
TF3/KM1,3,E2,6.03353555,132.08,NA,2
TF3/KM2,3,E2,5.6468423,142.24,NA,2
TF3/KM3,3,E2,5.1424598,124.46,NA,2
TF3/KM4,3,E2,5.6109751,134.62,NA,2
TF3/KM5,3,E2,4.84095115,134.62,NA,2
TF3/TM1,3,E2,6.7766591,132.08,NA,2
TF3/TM2,3,E2,7.3774347,142.24,NA,2
TF3/TM3,3,E2,9.34452645,149.86,NA,2
TF3/TM4,3,E2,5.69952225,139.7,NA,2
TF3/TM5,3,E2,8.76168445,137.16,NA,2
TF4/KM1,3,E2,6.79123015,139.7,NA,2
TF4/KM2,3,E2,4.83422605,157.48,NA,2
TF4/KM3,3,E2,5.96404285,142.24,NA,2
TF4/KM4,3,E2,4.2547466,142.24,NA,2
TF4/KM5,3,E2,3.75372665,154.94,NA,2
TF4/TM1,3,E2,6.25546385,144.78,NA,2
TF4/TM2,3,E2,7.2720748,157.48,NA,2
TF4/TM3,3,E2,5.4831982,172.72,NA,2
TF4/TM4,3,E2,5.6378755,147.32,NA,2
TF4/TM5,3,E2,8.03761535,170.18,NA,2
TF5/KM1,3,E2,6.6331903,144.78,NA,2
TF5/KM2,3,E2,4.55177185,142.24,NA,2
TF5/KM3,3,E2,5.37671745,134.62,NA,2
TF5/KM4,3,E2,5.3823217,160.02,NA,2
TF5/KM5,3,E2,5.69279715,149.86,NA,2
TF5/TM1,3,E2,7.27095395,139.7,NA,2
TF5/TM2,3,E2,5.64347975,149.86,NA,2
TF5/TM3,3,E2,5.45293525,152.4,NA,2
TF5/TM4,3,E2,5.25790735,149.86,NA,2
TF5/TM5,3,E2,6.8125263,152.4,NA,2
KF1/KM1,1,E3,5.7297852,109.22,84,1
KF1/KM2,1,E3,4.4094239,104.14,85,1
KF1/KM3,1,E3,5.02028715,109.22,77,1
KF1/KM4,1,E3,6.6981996,121.92,82,1
KF1/KM5,1,E3,4.16844115,119.38,80,1
KF2/KM1,1,E3,6.1467414,116.84,78,1
KF2/KM2,1,E3,5.25566565,137.16,83,1
KF2/KM3,1,E3,4.8375886,127,81,1
KF2/KM4,1,E3,3.40402145,129.54,83,1
KF2/KM5,1,E3,5.5414824,157.48,81,1
KF3/KM1,1,E3,6.1355329,124.46,73,1
KF3/KM2,1,E3,6.6309486,134.62,76,1
KF3/KM3,1,E3,5.47086885,129.54,73,1
KF3/KM4,1,E3,6.20838815,142.24,80,1
KF3/KM5,1,E3,5.9449884,149.86,77,1
KF4/KM1,1,E3,6.299177,109.22,73,1
KF4/KM2,1,E3,6.7363085,121.92,73,1
KF4/KM3,1,E3,5.5437241,109.22,73,1
KF4/KM4,1,E3,4.83198435,124.46,78,1
KF4/KM5,1,E3,5.41930975,134.62,74,1
KF5/KM1,1,E3,NA,NA,NA,1
KF5/KM2,1,E3,6.3395276,127,73,1
KF5/KM3,1,E3,5.1514266,114.3,73,1
KF5/KM4,1,E3,6.86744795,127,77,1
KF5/KM5,1,E3,6.0637985,124.46,75,1
KF1/TM1,1,E3,6.04698575,109.22,77,1
KF1/TM2,1,E3,6.4650628,116.84,84,1
KF1/TM3,1,E3,7.3258756,142.24,78,1
KF1/TM4,1,E3,6.2274426,114.3,83,1
KF1/TM5,1,E3,6.55136825,111.76,75,1
KF2/TM1,1,E3,5.75332305,119.38,83,1
KF2/TM2,1,E3,5.97525135,132.08,84,1
KF2/TM3,1,E3,4.9227732,165.1,83,1
KF2/TM4,1,E3,3.79856065,134.62,85,1
KF2/TM5,1,E3,4.2121543,134.62,80,1
KF3/TM1,1,E3,7.06695925,129.54,75,1
KF3/TM2,1,E3,6.7497587,142.24,78,1
KF3/TM3,1,E3,7.21715315,139.7,76,1
KF3/TM4,1,E3,5.3845634,114.3,81,1
KF3/TM5,1,E3,6.344011,116.84,73,1
KF4/TM1,1,E3,5.23773205,116.84,75,1
KF4/TM2,1,E3,6.45721685,127,77,1
KF4/TM3,1,E3,6.59620225,139.7,75,1
KF4/TM4,1,E3,6.0794904,114.3,77,1
KF4/TM5,1,E3,7.240691,111.76,73,1
KF5/TM1,1,E3,5.4540561,114.3,76,1
KF5/TM2,1,E3,6.9672036,111.76,76,1
KF5/TM3,1,E3,6.51998445,137.16,76,1
KF5/TM4,1,E3,6.7049247,121.92,76,1
KF5/TM5,1,E3,7.7293816,121.92,72,1
TF1/KM1,1,E3,7.3213922,114.3,73,1
TF1/KM2,1,E3,7.32699645,124.46,75,1
TF1/KM3,1,E3,6.32047315,119.38,74,1
TF1/KM4,1,E3,NA,132.08,80,1
TF1/KM5,1,E3,6.03801895,124.46,77,1
TF2/KM1,1,E3,6.54464315,104.14,73,1
TF2/KM2,1,E3,7.42114785,114.3,74,1
TF2/KM3,1,E3,5.76453155,101.6,72,1
TF2/KM4,1,E3,5.8396285,104.14,77,1
TF2/KM5,1,E3,5.12116365,101.6,78,1
TF3/KM1,1,E3,5.312829,99.06,77,1
TF3/KM2,1,E3,5.9113629,104.14,81,1
TF3/KM3,1,E3,4.9788157,93.98,83,1
TF3/KM4,1,E3,2.5151874,111.76,86,1
TF3/KM5,1,E3,5.69055545,101.6,83,1
TF4/KM1,1,E3,6.7990761,116.84,77,1
TF4/KM2,1,E3,7.96363925,121.92,76,1
TF4/KM3,1,E3,5.18168955,111.76,77,1
TF4/KM4,1,E3,5.59640405,132.08,83,1
TF4/KM5,1,E3,6.27563915,134.62,80,1
TF5/KM1,1,E3,7.0187627,99.06,74,1
TF5/KM2,1,E3,5.44396845,106.68,77,1
TF5/KM3,1,E3,4.3825235,111.76,76,1
TF5/KM4,1,E3,6.61413585,124.46,80,1
TF5/KM5,1,E3,5.3666298,109.22,77,1
TF1/TM1,1,E3,6.3619446,109.22,83,1
TF1/TM2,1,E3,5.39465105,127,81,1
TF1/TM3,1,E3,7.40321425,127,76,1
TF1/TM4,1,E3,7.1555064,129.54,77,1
TF1/TM5,1,E3,8.9062741,124.46,72,1
TF2/TM1,1,E3,6.6892328,109.22,73,1
TF2/TM2,1,E3,7.2429327,121.92,76,1
TF2/TM3,1,E3,NA,139.7,76,1
TF2/TM4,1,E3,7.8055994,119.38,76,1
TF2/TM5,1,E3,7.4357189,129.54,73,1
TF3/TM1,1,E3,7.2048238,119.38,74,1
TF3/TM2,1,E3,6.87193135,129.54,78,1
TF3/TM3,1,E3,8.2449726,137.16,76,1
TF3/TM4,1,E3,6.78450505,116.84,78,1
TF3/TM5,1,E3,7.1241226,121.92,73,1
TF4/TM1,1,E3,8.31558615,127,77,1
TF4/TM2,1,E3,8.01295665,139.7,78,1
TF4/TM3,1,E3,7.79775345,142.24,80,1
TF4/TM4,1,E3,5.54260325,124.46,82,1
TF4/TM5,1,E3,6.5166219,129.54,78,1
TF5/TM1,1,E3,6.3126272,119.38,75,1
TF5/TM2,1,E3,6.31374805,121.92,80,1
TF5/TM3,1,E3,6.3978118,129.54,77,1
TF5/TM4,1,E3,7.1868902,119.38,77,1
TF5/TM5,1,E3,7.26871225,127,75,1
KF4/TM4,2,E3,5.2657533,124.46,82,1
KF3/TM2,2,E3,6.2341677,142.24,80,1
KF3/TM4,2,E3,7.0523882,134.62,80,1
KF2/TM3,2,E3,4.2188794,157.48,83,1
KF1/TM4,2,E3,4.82077585,121.92,84,1
KF5/TM5,2,E3,5.6759844,116.84,76,1
KF5/TM4,2,E3,6.49756745,111.76,80,1
KF4/TM2,2,E3,5.1895355,121.92,80,1
KF5/TM3,2,E3,7.5186618,132.08,76,1
KF2/TM2,2,E3,5.8015196,139.7,83,1
KF3/TM5,2,E3,7.6823059,147.32,74,1
KF4/TM1,2,E3,7.16111065,119.38,75,1
KF1/TM3,2,E3,8.73702575,142.24,76,1
KF4/TM3,2,E3,8.11159145,149.86,76,1
KF1/TM2,2,E3,5.60425,129.54,83,1
KF2/TM5,2,E3,6.2969353,139.7,77,1
KF5/TM1,2,E3,6.344011,106.68,75,1
KF3/TM3,2,E3,7.9087176,172.72,76,1
KF2/TM1,2,E3,6.20838815,129.54,77,1
KF1/TM1,2,E3,7.4603776,116.84,80,1
KF3/TM1,2,E3,6.85399775,121.92,76,1
KF5/TM2,2,E3,7.07144265,119.38,75,1
KF2/TM4,2,E3,5.3711132,132.08,81,1
KF1/TM5,2,E3,7.91432185,132.08,76,1
KF4/TM5,2,E3,7.4805529,119.38,74,1
KF4/KM1,2,E3,6.38772415,106.68,75,1
KF2/KM5,2,E3,4.40830305,160.02,85,1
KF5/KM1,2,E3,NA,NA,NA,1
KF1/KM2,2,E3,6.06940275,119.38,86,1
KF1/KM4,2,E3,3.3490998,119.38,87,1
KF5/KM3,2,E3,4.9407068,99.06,73,1
KF4/KM2,2,E3,7.10058475,111.76,74,1
KF4/KM3,2,E3,5.53363645,101.6,74,1
KF5/KM5,2,E3,5.78919025,116.84,80,1
KF3/KM4,2,E3,4.1762871,144.78,85,1
KF4/KM5,2,E3,5.2769618,116.84,76,1
KF1/KM3,2,E3,5.16375595,104.14,81,1
KF5/KM4,2,E3,5.7006431,114.3,82,1
KF2/KM1,2,E3,4.8218967,134.62,86,1
KF2/KM2,2,E3,4.44641195,134.62,86,1
KF3/KM1,2,E3,5.02252885,119.38,76,1
KF2/KM3,2,E3,4.87906005,127,82,1
KF1/KM1,2,E3,6.89210665,119.38,83,1
KF1/KM5,2,E3,6.8058012,132.08,80,1
KF3/KM3,2,E3,5.9606803,134.62,74,1
KF2/KM4,2,E3,3.8489989,147.32,83,1
KF5/KM2,2,E3,6.80468035,129.54,72,1
KF4/KM4,2,E3,6.60068565,127,80,1
KF3/KM5,2,E3,6.26218895,152.4,77,1
KF3/KM2,2,E3,6.5816312,137.16,77,1
TF5/TM2,2,E3,8.3772329,139.7,75,1
TF3/TM3,2,E3,8.025286,137.16,76,1
TF5/TM5,2,E3,7.4962448,134.62,75,1
TF5/TM1,2,E3,7.85155425,134.62,76,1
TF3/TM5,2,E3,5.9875807,127,75,1
TF5/TM3,2,E3,8.4310337,147.32,74,1
TF3/TM1,2,E3,7.3415675,127,75,1
TF1/TM5,2,E3,7.43011465,137.16,72,1
TF4/TM3,2,E3,7.6262634,160.02,80,1
TF2/TM1,2,E3,5.2298861,104.14,73,1
TF4/TM1,2,E3,5.99094325,124.46,81,1
TF4/TM5,2,E3,6.4516126,132.08,82,1
TF2/TM3,2,E3,6.5345555,124.46,83,1
TF3/TM2,2,E3,4.8891477,134.62,83,1
TF1/TM4,2,E3,7.06023415,127,81,1
TF1/TM3,2,E3,7.2832833,139.7,76,1
TF4/TM2,2,E3,7.5881545,137.16,82,1
TF1/TM1,2,E3,6.5569725,111.76,76,1
TF2/TM2,2,E3,5.6692593,127,82,1
TF2/TM4,2,E3,7.88069635,119.38,77,1
TF4/TM4,2,E3,5.09874665,129.54,84,1
TF1/TM2,2,E3,7.2675914,137.16,84,1
TF2/TM5,2,E3,5.67710525,104.14,75,1
TF3/TM4,2,E3,5.514582,114.3,82,1
TF5/TM4,2,E3,6.24201365,119.38,80,1
TF1/KM5,2,E3,5.9741305,124.46,78,1
TF3/KM4,2,E3,5.01580375,129.54,83,1
TF1/KM2,2,E3,7.5343537,127,76,1
TF5/KM4,2,E3,8.08693275,127,76,1
TF3/KM3,2,E3,6.3686697,109.22,75,1
TF5/KM3,2,E3,6.67017835,114.3,73,1
TF1/KM1,2,E3,7.26422885,127,75,1
TF2/KM1,2,E3,7.49288225,111.76,74,1
TF3/KM1,2,E3,8.3884414,111.76,76,1
TF2/KM2,2,E3,6.9559951,121.92,75,1
TF4/KM2,2,E3,6.99970825,139.7,80,1
TF1/KM4,2,E3,7.44356485,139.7,80,1
TF2/KM5,2,E3,6.6331903,132.08,76,1
TF2/KM4,2,E3,7.2922501,124.46,76,1
TF1/KM3,2,E3,6.37203225,124.46,73,1
TF5/KM1,2,E3,7.35389685,109.22,75,1
TF4/KM5,2,E3,4.76473335,139.7,83,1
TF2/KM3,2,E3,5.4652646,101.6,73,1
TF5/KM2,2,E3,7.57582515,116.84,76,1
TF3/KM5,2,E3,5.28480775,111.76,82,1
TF4/KM3,2,E3,4.44641195,106.68,77,1
TF5/KM5,2,E3,5.6984014,116.84,80,1
TF4/KM4,2,E3,4.93510255,127,86,1
TF3/KM2,2,E3,6.91900705,111.76,77,1
TF4/KM1,2,E3,6.5323138,121.92,78,1
KF3/TM1,3,E3,5.30498305,127,80,1
KF5/TM2,3,E3,6.47963385,116.84,80,1
KF2/TM3,3,E3,4.88802685,172.72,88,1
KF1/TM2,3,E3,6.2588264,124.46,88,1
KF4/TM5,3,E3,6.0772487,127,78,1
KF1/TM1,3,E3,6.28684765,114.3,83,1
KF2/TM2,3,E3,6.0593151,139.7,85,1
KF4/TM2,3,E3,7.12972685,154.94,83,1
KF2/TM4,3,E3,4.1135195,142.24,85,1
KF3/TM5,3,E3,7.60720895,157.48,76,1
KF2/TM5,3,E3,5.48207735,152.4,80,1
KF1/TM4,3,E3,6.30253955,127,82,1
KF5/TM3,3,E3,7.487278,144.78,76,1
KF5/TM5,3,E3,6.4493709,129.54,75,1
KF1/TM3,3,E3,7.49064055,162.56,80,1
KF5/TM4,3,E3,6.8416684,124.46,78,1
KF3/TM3,3,E3,6.613015,162.56,80,1
KF4/TM1,3,E3,6.99522485,134.62,77,1
KF5/TM1,3,E3,6.4247122,111.76,75,1
KF1/TM5,3,E3,7.9557933,137.16,75,1
KF4/TM3,3,E3,6.9066777,154.94,76,1
KF3/TM4,3,E3,7.218274,139.7,81,1
KF2/TM1,3,E3,6.54464315,124.46,81,1
KF4/TM4,3,E3,7.45253165,134.62,82,1
KF3/TM2,3,E3,6.2722766,152.4,83,1
KF3/KM5,3,E3,4.30294315,154.94,82,1
KF3/KM4,3,E3,3.272882,152.4,85,1
KF4/KM2,3,E3,5.92817565,111.76,75,1
KF4/KM4,3,E3,5.28256605,109.22,83,1
KF2/KM1,3,E3,4.2412964,134.62,89,1
KF4/KM3,3,E3,4.29397635,99.06,80,1
KF3/KM3,3,E3,5.82505745,137.16,77,1
KF5/KM5,3,E3,6.0862155,119.38,81,1
KF1/KM3,3,E3,4.81180905,119.38,81,1
KF5/KM2,3,E3,6.42359135,116.84,76,1
KF1/KM2,3,E3,6.7385502,124.46,85,1
KF5/KM3,3,E3,4.8756975,106.68,74,1
KF2/KM2,3,E3,5.2366112,139.7,91,1
KF3/KM2,3,E3,3.63267485,142.24,85,1
KF4/KM1,3,E3,5.8015196,101.6,74,1
KF2/KM4,3,E3,3.67975055,142.24,89,1
KF1/KM5,3,E3,4.83198435,127,83,1
KF1/KM1,3,E3,6.24649705,116.84,83,1
KF2/KM3,3,E3,5.64347975,129.54,83,1
KF5/KM4,3,E3,6.22632175,127,81,1
KF5/KM1,3,E3,NA,NA,NA,1
KF3/KM1,3,E3,7.2653497,129.54,75,1
KF1/KM4,3,E3,4.15499095,129.54,83,1
KF2/KM5,3,E3,5.7140933,154.94,83,1
KF4/KM5,3,E3,6.26667235,132.08,75,1
TF3/KM5,3,E3,5.8530787,121.92,80,1
TF2/KM3,3,E3,4.2704385,104.14,74,1
TF4/KM5,3,E3,4.53607995,137.16,83,1
TF4/KM1,3,E3,8.05779065,129.54,75,1
TF5/KM2,3,E3,8.36490355,127,76,1
TF5/KM3,3,E3,5.8261783,109.22,73,1
TF1/KM5,3,E3,6.44376665,137.16,80,1
TF2/KM5,3,E3,5.7118516,121.92,77,1
TF2/KM2,3,E3,7.49736565,114.3,76,1
TF1/KM1,3,E3,6.1736418,124.46,76,1
TF2/KM1,3,E3,5.85644125,101.6,76,1
TF1/KM2,3,E3,6.8865024,129.54,81,1
TF5/KM4,3,E3,6.8058012,137.16,82,1
TF4/KM4,3,E3,4.7322287,147.32,91,1
TF5/KM5,3,E3,5.8239366,121.92,83,1
TF4/KM2,3,E3,5.3845634,134.62,85,1
TF5/KM1,3,E3,6.1601916,111.76,77,1
TF3/KM3,3,E3,4.36122735,114.3,83,1
TF3/KM1,3,E3,5.87661655,104.14,83,1
TF3/KM2,3,E3,6.3574612,111.76,81,1
TF4/KM3,3,E3,5.08753815,116.84,83,1
TF1/KM3,3,E3,4.48676255,119.38,83,1
TF3/KM4,3,E3,3.43316355,124.46,87,1
TF1/KM4,3,E3,6.4807547,139.7,83,1
TF2/KM4,3,E3,6.84951435,134.62,81,1
TF1/TM1,3,E3,7.86500445,142.24,82,1
TF2/TM5,3,E3,6.62758605,116.84,74,1
TF1/TM4,3,E3,7.40993935,142.24,82,1
TF4/TM2,3,E3,6.8752939,152.4,83,1
TF4/TM4,3,E3,5.8710123,142.24,83,1
TF5/TM3,3,E3,7.16783575,149.86,76,1
TF5/TM5,3,E3,6.075007,134.62,75,1
TF5/TM4,3,E3,7.0210044,132.08,77,1
TF3/TM1,3,E3,6.9313364,124.46,76,1
TF2/TM1,3,E3,5.5728662,119.38,72,1
TF4/TM3,3,E3,7.4289938,167.64,78,1
TF2/TM3,3,E3,7.58927535,149.86,75,1
TF2/TM2,3,E3,6.86744795,142.24,75,1
TF5/TM1,3,E3,6.81588885,137.16,76,1
TF4/TM1,3,E3,7.3281173,134.62,82,1
TF5/TM2,3,E3,7.9692435,144.78,80,1
TF3/TM3,3,E3,7.6800642,139.7,76,1
TF3/TM4,3,E3,6.7878676,121.92,80,1
TF1/TM3,3,E3,8.30886105,154.94,76,1
TF4/TM5,3,E3,6.66121155,137.16,80,1
TF3/TM5,3,E3,5.91920885,119.38,76,1
TF1/TM5,3,E3,7.7136897,127,76,1
TF3/TM2,3,E3,6.54912655,137.16,84,1
TF1/TM2,3,E3,7.4133019,142.24,83,1
TF2/TM4,3,E3,7.49064055,121.92,82,1
